Comment,Description,Designator,Distrib,Footprint,Fitted,Provided,Manuf_1,Manuf_Part_1,Manuf_Part1,Quantity,DocumentName

"SW-PUSH-CMS","Non-Open Push-Button 0.1A 24V","B1, B2","","BP1CMS","","","FARNELL","535-930","","2","IO Peripherals.SchDoc"
"0.022uF","Capacitor","C1, C2","","0603C","","","","","","2","Audio.SchDoc"
"0.1uF","Capacitor","C3, C4, C11, C12, C13, C15","","0402C","","","","","","6","Audio.SchDoc"
"1uF(X7R)","Capacitor","C5, C6, C9","","0603C","","","","","","3","Audio.SchDoc"
"1uF (X7R)","Capacitor","C7","","0603C","","","","","","1","Audio.SchDoc"
"10nF","Capacitor","C8","","0603C","","","","","","1","Audio.SchDoc"
"1uF","Polarized Capacitor (Radial)","C10","","TAN-A","","","","","","1","Audio.SchDoc"
"1uF(X5R)","Capacitor","C14, C18","","0603C","","","","","","2","Audio.SchDoc"
"150pF(COG)","Capacitor","C16, C17","","0603C","","","","","","2","Audio.SchDoc"
"100nF","Capacitor","C19, C21, C22, C34, C35, C39, C40, C46, C48, C49, C50, C51, C52, C55, C56, C57, C58","","0603C","","","","","","17","Audio.SchDoc, IO Peripherals.SchDoc, ST_LINK_V2.SCHDOC, STM32Fx.SchDoc"
"10uF","Capacitor","C20","","0603C","","","","","","1","Audio.SchDoc"
"100nF","Capacitor","C23, C26, C27, C28, C29, C30","","0402C","","","","","","6","IO Peripherals.SchDoc, ST_LINK_V2.SCHDOC"
"20pF","Capacitor","C24, C25","","0402C","","","","","","2","ST_LINK_V2.SCHDOC"
"1�F_X5R_0603","0603  X5R 1�F","C31, C32, C36, C37","","0603C","","","","","","4","ST_LINK_V2.SCHDOC"
"10nF_X7R_0603","0603  X7R 10NF","C33, C38","","0603C","","","","","","2","ST_LINK_V2.SCHDOC"
"20pF","Capacitor","C41, C42","","0603C","","","","","","2","STM32Fx.SchDoc"
"6.8pF","Capacitor","C43, C44","","0603C","NO","","","","","2","STM32Fx.SchDoc"
"1uF","Polarized Capacitor (Radial)","C45, C47","","CASE-AA","","","","","","2","STM32Fx.SchDoc"
"2.2uF","Polarized Capacitor (Radial)","C53, C54","","CASE-AA","","","","","","2","STM32Fx.SchDoc"
"1uF","Capacitor","C59","","0603C","","","","","","1","STM32Fx.SchDoc"
"4.7uF","Polarized Capacitor (Radial)","C60","","TAN-A","","","","","","1","USB_OTG_FS.SchDoc"
"ST-225-02","Connector Jack 35mm","CN1","","Jack-ST-225","","","XIEJIA Electronics","ST-225-02","","1","Audio.SchDoc"
"Header 6","Header, 6-Pin","CN2","","HDR1X6","","","","","","1","ST_LINK_V2.SCHDOC"
"Header 4","Header, 4-Pin","CN3","","Header 4","","","","","","1","ST_LINK_V2.SCHDOC"
"5075BMR-05-SM","","CN4","","USB-MINI-B-SMD","","","","","","1","ST_LINK_V2.SCHDOC"
"475900001","","CN5","","USB-MICRO-AB","","","","","","1","USB_OTG_FS.SchDoc"
"BAT60JFILM","BAT60JFILM","D1, D2, D3","","SOD323/A","","ST","STM","BAT60JFILM","","3","ST_LINK_V2.SCHDOC"
"","","JP1, JP2, JP3","","SIP2/2.54","","","","","","3","ST_LINK_V2.SCHDOC"
"fcm1608-0603","Inductor","L1","","0603L","","","","","","1","STM32Fx.SchDoc"
"Green","Typical RED, GREEN, YELLOW, AMBER GaAs LED","LD1, LD8","","0603D","","","","","","2","IO Peripherals.SchDoc, USB_OTG_FS.SchDoc"
"Orange","Typical RED, GREEN, YELLOW, AMBER GaAs LED","LD2","","0603D","","","","","","1","IO Peripherals.SchDoc"
"Red","Typical RED, GREEN, YELLOW, AMBER GaAs LED","LD3, LD6, LD7","","0603D","","","","","","3","IO Peripherals.SchDoc, ST_LINK_V2.SCHDOC, USB_OTG_FS.SchDoc"
"Blue","Typical RED, GREEN, YELLOW, AMBER GaAs LED","LD4","","0603D","","","","","","1","IO Peripherals.SchDoc"
"LD_BICOLOR_CMS","Bicolor Led","LD5","RADIOSPARES","HSMF-A201","","","Avago Technologies","HSMF-A201-A00J1","","1","ST_LINK_V2.SCHDOC"
"Header 25X2","Header, 25-Pin, Dual row","P1, P2","","HDR2X25","","","","","","2","MB997.SchDoc"
"51","Resistor","R1, R2","","0603R","","","","","","2","Audio.SchDoc"
"10K","Resistor","R3, R11, R12, R18, R23, R24, R25, R43, R51, R56","","0402R","NO","","","","","10","Audio.SchDoc, IO Peripherals.SchDoc, ST_LINK_V2.SCHDOC, STM32Fx.SchDoc, USB_OTG_FS.SchDoc"
"100","Resistor","R4, R8","","0603R","","","","","","2","Audio.SchDoc"
"0","Resistor","R5, R10, R45, R46, R48, R49, R53, R57, R58, R61","","0603R","NO","","","","","10","Audio.SchDoc, STM32Fx.SchDoc, USB_OTG_FS.SchDoc"
"100K","Resistor","R6, R7, R14, R22, R31, R42","","0402R","NO","","","","","6","Audio.SchDoc, IO Peripherals.SchDoc, ST_LINK_V2.SCHDOC"
"1.2K","Resistor","R9","","0603R","","","","","","1","Audio.SchDoc"
"100","Resistor","R13, R26, R33, R35, R37","","0402R","NO","","","","","5","IO Peripherals.SchDoc, ST_LINK_V2.SCHDOC"
"330","Resistor","R15","","0402R","","","","","","1","IO Peripherals.SchDoc"
"220K","Resistor","R16","","0603R","","","","","","1","IO Peripherals.SchDoc"
"510","Resistor","R17, R44, R50","","0603R","","","","","","3","IO Peripherals.SchDoc, STM32Fx.SchDoc"
"680","Resistor","R19, R20, R21","","0603R","","","","","","3","IO Peripherals.SchDoc"
"22","Resistor","R27, R28, R29, R30","","0402R","","","","","","4","ST_LINK_V2.SCHDOC"
"4K7","Resistor","R32, R34","","0402R","","","","","","2","ST_LINK_V2.SCHDOC"
"1K","Resistor","R36","","0402R","","","","","","1","ST_LINK_V2.SCHDOC"
"1K5","Resistor","R38","","0402R","","","","","","1","ST_LINK_V2.SCHDOC"
"0","Resistor","R39","","0402R","","","","","","1","ST_LINK_V2.SCHDOC"
"10","Resistor","R40, R41","","0603R","","","","","","2","ST_LINK_V2.SCHDOC"
"220","Resistor","R47","","0603R","","","","","","1","STM32Fx.SchDoc"
"47","Resistor","R52","","0603R","","","","","","1","STM32Fx.SchDoc"
"620","Resistor","R54","","0603R","","","","","","1","USB_OTG_FS.SchDoc"
"47K","Resistor","R55, R63","","0402R","","","","","","2","USB_OTG_FS.SchDoc"
"22","Resistor","R59, R60","","0603R","","","","","","2","USB_OTG_FS.SchDoc"
"330","Resistor","R62","","0603R","","","","","","1","USB_OTG_FS.SchDoc"
"[N/A]","Resistor","R64","","0603R","NO","","","","","1","USB_OTG_FS.SchDoc"
"Circuit Breaker","Circuit Breaker","SB1, SB2, SB3, SB4, SB5, SB6, SB7, SB8, SB9, SB10, SB11, SB12, SB13, SB14, SB15, SB16, SB17, SB18, SB19","","JP2_SMD","","","","","","19","IO Peripherals.SchDoc, ST_LINK_V2.SCHDOC, STM32Fx.SchDoc"
"9013","NPN Bipolar Transistor","T1","","SOT-23","","","","","","1","USB_OTG_FS.SchDoc"
"CS43L22","","U1","","QFN40(6*6)","","","","","","1","Audio.SchDoc"
"MP45DT02","MEMS audio sensor, omnidirectional digital microphone","U2","","HLGA-4.72-3.76-6LD","","ST","STM","MP45DT02","","1","Audio.SchDoc"
"LIS302DL","","U3","STM","","","ST","STM","","","1","IO Peripherals.SchDoc"
"STM32F103C8T6","","U4","","QFP48 7X7","","ST","STM","STM32F103C8T6","","1","ST_LINK_V2.SCHDOC"
"LD3985M33R","Ultra low drop-low noise BiCMOS voltage, regulators low ESR capacitors compatible","U5","","SOT-23-5L","","ST","STM","","LD3985M33R","1","ST_LINK_V2.SCHDOC"
"LD3985M25R","Ultra low drop-low noise BiCMOS voltage, regulators low ESR capacitors compatible","U6","","SOT-23-5L","","ST","STM","","LD3985M25R","1","ST_LINK_V2.SCHDOC"
"STM32F407VGT6","STM32 Manta (STM32F407VGT6)","U7","ST","TQFP100","","ST","STM","STM32F407VGT6","","1","STM32Fx.SchDoc"
"STMPS2141STR","Enhanced single channel power switches","U8","","SOT23-5L","","ST","STM","STMPS2141STR","","1","USB_OTG_FS.SchDoc"
"EMIF02-USB03F2","2-line IPAD, EMI filter including ESD protection","U9","","Flip Chip","","ST","STM","EMIF02-USB03F2","","1","USB_OTG_FS.SchDoc"
"8MHz","Crystal Oscillator","X1, X2","","XTAL1","","","","","","2","ST_LINK_V2.SCHDOC, STM32Fx.SchDoc"
"MC306-G-06Q-32.768 (manufacturer JFVNY)","","X3","","MC306-CRYSTAL","NO","","","","","1","STM32Fx.SchDoc"
